{
  "hash": "670ee462",
  "configHash": "1225c3b0",
  "lockfileHash": "4525059b",
  "browserHash": "1d6fe3aa",
  "optimized": {
    "@angular/cdk/bidi": {
      "src": "../../../../../../node_modules/@angular/cdk/fesm2022/bidi.mjs",
      "file": "@angular_cdk_bidi.js",
      "fileHash": "4747ac6e",
      "needsInterop": false
    },
    "@angular/cdk/scrolling": {
      "src": "../../../../../../node_modules/@angular/cdk/fesm2022/scrolling.mjs",
      "file": "@angular_cdk_scrolling.js",
      "fileHash": "e6fea911",
      "needsInterop": false
    },
    "@angular/common": {
      "src": "../../../../../../node_modules/@angular/common/fesm2022/common.mjs",
      "file": "@angular_common.js",
      "fileHash": "47922487",
      "needsInterop": false
    },
    "@angular/core": {
      "src": "../../../../../../node_modules/@angular/core/fesm2022/core.mjs",
      "file": "@angular_core.js",
      "fileHash": "6d1b6167",
      "needsInterop": false
    },
    "@angular/core/rxjs-interop": {
      "src": "../../../../../../node_modules/@angular/core/fesm2022/rxjs-interop.mjs",
      "file": "@angular_core_rxjs-interop.js",
      "fileHash": "b70fadea",
      "needsInterop": false
    },
    "@angular/forms": {
      "src": "../../../../../../node_modules/@angular/forms/fesm2022/forms.mjs",
      "file": "@angular_forms.js",
      "fileHash": "f36a227e",
      "needsInterop": false
    },
    "@angular/material/button": {
      "src": "../../../../../../node_modules/@angular/material/fesm2022/button.mjs",
      "file": "@angular_material_button.js",
      "fileHash": "5e376dfd",
      "needsInterop": false
    },
    "@angular/material/card": {
      "src": "../../../../../../node_modules/@angular/material/fesm2022/card.mjs",
      "file": "@angular_material_card.js",
      "fileHash": "ceecc422",
      "needsInterop": false
    },
    "@angular/material/chips": {
      "src": "../../../../../../node_modules/@angular/material/fesm2022/chips.mjs",
      "file": "@angular_material_chips.js",
      "fileHash": "7cb77e0a",
      "needsInterop": false
    },
    "@angular/material/divider": {
      "src": "../../../../../../node_modules/@angular/material/fesm2022/divider.mjs",
      "file": "@angular_material_divider.js",
      "fileHash": "a59973bd",
      "needsInterop": false
    },
    "@angular/material/expansion": {
      "src": "../../../../../../node_modules/@angular/material/fesm2022/expansion.mjs",
      "file": "@angular_material_expansion.js",
      "fileHash": "5bc307d2",
      "needsInterop": false
    },
    "@angular/material/icon": {
      "src": "../../../../../../node_modules/@angular/material/fesm2022/icon.mjs",
      "file": "@angular_material_icon.js",
      "fileHash": "b9ea5ca2",
      "needsInterop": false
    },
    "@angular/material/progress-bar": {
      "src": "../../../../../../node_modules/@angular/material/fesm2022/progress-bar.mjs",
      "file": "@angular_material_progress-bar.js",
      "fileHash": "b2bd4713",
      "needsInterop": false
    },
    "@angular/material/sidenav": {
      "src": "../../../../../../node_modules/@angular/material/fesm2022/sidenav.mjs",
      "file": "@angular_material_sidenav.js",
      "fileHash": "181c96bb",
      "needsInterop": false
    },
    "@angular/material/snack-bar": {
      "src": "../../../../../../node_modules/@angular/material/fesm2022/snack-bar.mjs",
      "file": "@angular_material_snack-bar.js",
      "fileHash": "e5079ead",
      "needsInterop": false
    },
    "@angular/material/table": {
      "src": "../../../../../../node_modules/@angular/material/fesm2022/table.mjs",
      "file": "@angular_material_table.js",
      "fileHash": "37e6318a",
      "needsInterop": false
    },
    "@angular/material/toolbar": {
      "src": "../../../../../../node_modules/@angular/material/fesm2022/toolbar.mjs",
      "file": "@angular_material_toolbar.js",
      "fileHash": "30ca788b",
      "needsInterop": false
    },
    "@angular/platform-browser": {
      "src": "../../../../../../node_modules/@angular/platform-browser/fesm2022/platform-browser.mjs",
      "file": "@angular_platform-browser.js",
      "fileHash": "f8120309",
      "needsInterop": false
    },
    "@angular/platform-server/init": {
      "src": "../../../../../../node_modules/@angular/platform-server/fesm2022/init.mjs",
      "file": "@angular_platform-server_init.js",
      "fileHash": "c083e9eb",
      "needsInterop": false
    },
    "@angular/router": {
      "src": "../../../../../../node_modules/@angular/router/fesm2022/router.mjs",
      "file": "@angular_router.js",
      "fileHash": "6dd6632d",
      "needsInterop": false
    },
    "@angular/ssr": {
      "src": "../../../../../../node_modules/@angular/ssr/fesm2022/ssr.mjs",
      "file": "@angular_ssr.js",
      "fileHash": "50a6ecb8",
      "needsInterop": false
    },
    "@angular/ssr/node": {
      "src": "../../../../../../node_modules/@angular/ssr/fesm2022/node.mjs",
      "file": "@angular_ssr_node.js",
      "fileHash": "6892b158",
      "needsInterop": false
    },
    "express": {
      "src": "../../../../../../node_modules/express/index.js",
      "file": "express.js",
      "fileHash": "0847af7c",
      "needsInterop": true
    },
    "leaflet": {
      "src": "../../../../../../node_modules/leaflet/dist/leaflet-src.js",
      "file": "leaflet.js",
      "fileHash": "8a281f3c",
      "needsInterop": true
    },
    "rxjs": {
      "src": "../../../../../../node_modules/rxjs/dist/cjs/index.js",
      "file": "rxjs.js",
      "fileHash": "0ed9a290",
      "needsInterop": true
    },
    "rxjs/operators": {
      "src": "../../../../../../node_modules/rxjs/dist/cjs/operators/index.js",
      "file": "rxjs_operators.js",
      "fileHash": "bd4da613",
      "needsInterop": true
    }
  },
  "chunks": {
    "xhr2-E5RTESSH": {
      "file": "xhr2-E5RTESSH.js"
    },
    "chunk-YKT7DA5D": {
      "file": "chunk-YKT7DA5D.js"
    },
    "chunk-BVXSUTS3": {
      "file": "chunk-BVXSUTS3.js"
    },
    "chunk-E6VEOUDR": {
      "file": "chunk-E6VEOUDR.js"
    },
    "chunk-BHQO6ILY": {
      "file": "chunk-BHQO6ILY.js"
    },
    "chunk-5VL3NJQL": {
      "file": "chunk-5VL3NJQL.js"
    },
    "chunk-266DNSKU": {
      "file": "chunk-266DNSKU.js"
    },
    "chunk-KDMPWCK2": {
      "file": "chunk-KDMPWCK2.js"
    },
    "chunk-B7XTUQBX": {
      "file": "chunk-B7XTUQBX.js"
    },
    "chunk-NBN4FC6Z": {
      "file": "chunk-NBN4FC6Z.js"
    },
    "chunk-FKBWUGBN": {
      "file": "chunk-FKBWUGBN.js"
    },
    "chunk-VW7COWWU": {
      "file": "chunk-VW7COWWU.js"
    },
    "chunk-DRVKL7JN": {
      "file": "chunk-DRVKL7JN.js"
    },
    "chunk-DHJKP2WA": {
      "file": "chunk-DHJKP2WA.js"
    },
    "chunk-N7BM3QAY": {
      "file": "chunk-N7BM3QAY.js"
    },
    "chunk-ARH34DHK": {
      "file": "chunk-ARH34DHK.js"
    },
    "chunk-EZCGR3CS": {
      "file": "chunk-EZCGR3CS.js"
    },
    "chunk-WV74OLZB": {
      "file": "chunk-WV74OLZB.js"
    },
    "chunk-KQYFGZWB": {
      "file": "chunk-KQYFGZWB.js"
    },
    "chunk-HOBTQJ6Y": {
      "file": "chunk-HOBTQJ6Y.js"
    },
    "chunk-FLPE34YW": {
      "file": "chunk-FLPE34YW.js"
    },
    "chunk-CQQXHZQ5": {
      "file": "chunk-CQQXHZQ5.js"
    },
    "chunk-HAZYOZPT": {
      "file": "chunk-HAZYOZPT.js"
    },
    "chunk-JQK3SWIA": {
      "file": "chunk-JQK3SWIA.js"
    },
    "chunk-N6BQSZI7": {
      "file": "chunk-N6BQSZI7.js"
    },
    "chunk-PGH2OSCH": {
      "file": "chunk-PGH2OSCH.js"
    },
    "chunk-HYX5EALY": {
      "file": "chunk-HYX5EALY.js"
    },
    "chunk-C27DBZK2": {
      "file": "chunk-C27DBZK2.js"
    },
    "chunk-2UVUUPPC": {
      "file": "chunk-2UVUUPPC.js"
    },
    "chunk-K54IFBYX": {
      "file": "chunk-K54IFBYX.js"
    },
    "chunk-6DU2HRTW": {
      "file": "chunk-6DU2HRTW.js"
    }
  }
}