{
  "hash": "acde4ae8",
  "configHash": "50b07864",
  "lockfileHash": "4525059b",
  "browserHash": "a6ce4cc0",
  "optimized": {
    "@angular/cdk/bidi": {
      "src": "../../../../../../node_modules/@angular/cdk/fesm2022/bidi.mjs",
      "file": "@angular_cdk_bidi.js",
      "fileHash": "ec1c8611",
      "needsInterop": false
    },
    "@angular/cdk/scrolling": {
      "src": "../../../../../../node_modules/@angular/cdk/fesm2022/scrolling.mjs",
      "file": "@angular_cdk_scrolling.js",
      "fileHash": "d9bcf0f4",
      "needsInterop": false
    },
    "@angular/common": {
      "src": "../../../../../../node_modules/@angular/common/fesm2022/common.mjs",
      "file": "@angular_common.js",
      "fileHash": "1a21ae88",
      "needsInterop": false
    },
    "@angular/core": {
      "src": "../../../../../../node_modules/@angular/core/fesm2022/core.mjs",
      "file": "@angular_core.js",
      "fileHash": "124c09e4",
      "needsInterop": false
    },
    "@angular/core/rxjs-interop": {
      "src": "../../../../../../node_modules/@angular/core/fesm2022/rxjs-interop.mjs",
      "file": "@angular_core_rxjs-interop.js",
      "fileHash": "9d543dd7",
      "needsInterop": false
    },
    "@angular/forms": {
      "src": "../../../../../../node_modules/@angular/forms/fesm2022/forms.mjs",
      "file": "@angular_forms.js",
      "fileHash": "be712407",
      "needsInterop": false
    },
    "@angular/material/button": {
      "src": "../../../../../../node_modules/@angular/material/fesm2022/button.mjs",
      "file": "@angular_material_button.js",
      "fileHash": "0e475944",
      "needsInterop": false
    },
    "@angular/material/card": {
      "src": "../../../../../../node_modules/@angular/material/fesm2022/card.mjs",
      "file": "@angular_material_card.js",
      "fileHash": "2b205ca1",
      "needsInterop": false
    },
    "@angular/material/chips": {
      "src": "../../../../../../node_modules/@angular/material/fesm2022/chips.mjs",
      "file": "@angular_material_chips.js",
      "fileHash": "9b008fa8",
      "needsInterop": false
    },
    "@angular/material/divider": {
      "src": "../../../../../../node_modules/@angular/material/fesm2022/divider.mjs",
      "file": "@angular_material_divider.js",
      "fileHash": "30fa775e",
      "needsInterop": false
    },
    "@angular/material/expansion": {
      "src": "../../../../../../node_modules/@angular/material/fesm2022/expansion.mjs",
      "file": "@angular_material_expansion.js",
      "fileHash": "86ed3eb5",
      "needsInterop": false
    },
    "@angular/material/icon": {
      "src": "../../../../../../node_modules/@angular/material/fesm2022/icon.mjs",
      "file": "@angular_material_icon.js",
      "fileHash": "a6064908",
      "needsInterop": false
    },
    "@angular/material/progress-bar": {
      "src": "../../../../../../node_modules/@angular/material/fesm2022/progress-bar.mjs",
      "file": "@angular_material_progress-bar.js",
      "fileHash": "a6f8a55e",
      "needsInterop": false
    },
    "@angular/material/sidenav": {
      "src": "../../../../../../node_modules/@angular/material/fesm2022/sidenav.mjs",
      "file": "@angular_material_sidenav.js",
      "fileHash": "41dfc362",
      "needsInterop": false
    },
    "@angular/material/snack-bar": {
      "src": "../../../../../../node_modules/@angular/material/fesm2022/snack-bar.mjs",
      "file": "@angular_material_snack-bar.js",
      "fileHash": "2e047791",
      "needsInterop": false
    },
    "@angular/material/table": {
      "src": "../../../../../../node_modules/@angular/material/fesm2022/table.mjs",
      "file": "@angular_material_table.js",
      "fileHash": "129aa6b0",
      "needsInterop": false
    },
    "@angular/material/toolbar": {
      "src": "../../../../../../node_modules/@angular/material/fesm2022/toolbar.mjs",
      "file": "@angular_material_toolbar.js",
      "fileHash": "487f4411",
      "needsInterop": false
    },
    "@angular/platform-browser": {
      "src": "../../../../../../node_modules/@angular/platform-browser/fesm2022/platform-browser.mjs",
      "file": "@angular_platform-browser.js",
      "fileHash": "a482ae69",
      "needsInterop": false
    },
    "@angular/router": {
      "src": "../../../../../../node_modules/@angular/router/fesm2022/router.mjs",
      "file": "@angular_router.js",
      "fileHash": "74bbfd96",
      "needsInterop": false
    },
    "leaflet": {
      "src": "../../../../../../node_modules/leaflet/dist/leaflet-src.js",
      "file": "leaflet.js",
      "fileHash": "9611fb69",
      "needsInterop": true
    },
    "rxjs": {
      "src": "../../../../../../node_modules/rxjs/dist/esm5/index.js",
      "file": "rxjs.js",
      "fileHash": "f86a374a",
      "needsInterop": false
    },
    "rxjs/operators": {
      "src": "../../../../../../node_modules/rxjs/dist/esm5/operators/index.js",
      "file": "rxjs_operators.js",
      "fileHash": "23de3f93",
      "needsInterop": false
    }
  },
  "chunks": {
    "chunk-4ALJ774H": {
      "file": "chunk-4ALJ774H.js"
    },
    "chunk-6KJGD4ZA": {
      "file": "chunk-6KJGD4ZA.js"
    },
    "chunk-VGWMU7VI": {
      "file": "chunk-VGWMU7VI.js"
    },
    "chunk-U4KSM4AB": {
      "file": "chunk-U4KSM4AB.js"
    },
    "chunk-TERSQGCX": {
      "file": "chunk-TERSQGCX.js"
    },
    "chunk-G2PZ3F6Z": {
      "file": "chunk-G2PZ3F6Z.js"
    },
    "chunk-42QFQP6S": {
      "file": "chunk-42QFQP6S.js"
    },
    "chunk-GUGIMSVJ": {
      "file": "chunk-GUGIMSVJ.js"
    },
    "chunk-MLZ4AV7Q": {
      "file": "chunk-MLZ4AV7Q.js"
    },
    "chunk-EGIXRQX5": {
      "file": "chunk-EGIXRQX5.js"
    },
    "chunk-FEV2SLID": {
      "file": "chunk-FEV2SLID.js"
    },
    "chunk-X2VC57EG": {
      "file": "chunk-X2VC57EG.js"
    },
    "chunk-NGX5KMVR": {
      "file": "chunk-NGX5KMVR.js"
    },
    "chunk-R4EB5I3D": {
      "file": "chunk-R4EB5I3D.js"
    },
    "chunk-XA6252L2": {
      "file": "chunk-XA6252L2.js"
    },
    "chunk-4O27CI7E": {
      "file": "chunk-4O27CI7E.js"
    },
    "chunk-BRGFCUBS": {
      "file": "chunk-BRGFCUBS.js"
    },
    "chunk-N4DOILP3": {
      "file": "chunk-N4DOILP3.js"
    },
    "chunk-HKFAGBL3": {
      "file": "chunk-HKFAGBL3.js"
    },
    "chunk-VAH6OPSG": {
      "file": "chunk-VAH6OPSG.js"
    },
    "chunk-6WFQR5H7": {
      "file": "chunk-6WFQR5H7.js"
    },
    "chunk-LWSH5S3L": {
      "file": "chunk-LWSH5S3L.js"
    },
    "chunk-BSCI42BB": {
      "file": "chunk-BSCI42BB.js"
    },
    "chunk-YSSLPKAK": {
      "file": "chunk-YSSLPKAK.js"
    },
    "chunk-JRFR6BLO": {
      "file": "chunk-JRFR6BLO.js"
    },
    "chunk-HWYXSU2G": {
      "file": "chunk-HWYXSU2G.js"
    },
    "chunk-MARUHEWW": {
      "file": "chunk-MARUHEWW.js"
    },
    "chunk-H2SRQSE4": {
      "file": "chunk-H2SRQSE4.js"
    }
  }
}